Workbook

Sheet NIS
A1: Compound | B1: NIS Standard | C1: Internal Standard
A2: 10:2 FTCA | B2: M6PFDA | C2: M10:2FTA
A3: 7:3 FTCA | B3: M6PFDA | C3: M10:2FTA
A4: 10:2 UFTCA | B4: M6PFDA | C4: M10:2FTUA
A5: 4:2 FTS | B5: M3PFHxS | C5: M2-4:2FTS
A6: 3:3 FTCA | B6: M5PFHxA | C6: M6:2FTA
A7: 6:2 FTCA | B7: M5PFHxA | C7: M6:2FTA
A8: 6:2 FTS | B8: M3PFHxS | C8: M2-6:2FTS
A9: 6:2 UFTCA | B9: M2PFOA | C9: M6:2FTUA
A10: 5:3 FTCA | B10: M2PFOA | C10: M8:2FTA
A11: 8:2 FTCA | B11: M2PFOA | C11: M8:2FTA
A12: 10:2 FTS | B12: M3PFHxS | C12: M2-8:2FTS
... A62: TFA | B62: M3PFBA | C62: MTFA

Sheet All
A1: ASV Name | B1: Total water volume (mL)
A2: ASFB | B2: 246.7
A3: SKBG2 | B3: 244.6
A4: SKBG3 | B4: 249.2
A5: SKAS1 | B5: 249.1
A6: SKAS2 | B6: 242.3
A7: SKAS3 | B7: 251.6
A8: SKAS4 | B8: 235.6
A9: SKAS5 | B9: 254.2
A10: SKAS6 | B10: 231.9
A11: SKSL1 | B11: 259.4
A12: SKSL2 | B12: 248.5
A13: SBFB | B13: 250.4
... A61: LCS3 | B61: 249.5

Sheet 20241015_CP_negSPE_CDPHE
A1: sample | B1: mass (g) | C1: moisture fraction | D1: matrix
A2: 'Blank Check Initial' | B2: 250 | C2: 0 | D2: water
A3: 'ASFB' | B3: =_xlfn.XLOOKUP(RIGHT(LEFT(A3,LEN(A3)-1),LEN(A3)-2),All!A:A,All!B:B,"") -> 246.7 | C3: 0 | D3: water
A4: 'SKBG2' | B4: =_xlfn.XLOOKUP(RIGHT(LEFT(A4,LEN(A4)-1),LEN(A4)-2),All!A:A,All!B:B,"") -> 244.6 | C4: 0 | D4: water
A5: 'SKBG3' | B5: =_xlfn.XLOOKUP(RIGHT(LEFT(A5,LEN(A5)-1),LEN(A5)-2),All!A:A,All!B:B,"") -> 249.2 | C5: 0 | D5: water
A6: 'SKAS1' | B6: =_xlfn.XLOOKUP(RIGHT(LEFT(A6,LEN(A6)-1),LEN(A6)-2),All!A:A,All!B:B,"") -> 249.1 | C6: 0 | D6: water
A7: 'SKAS2' | B7: =_xlfn.XLOOKUP(RIGHT(LEFT(A7,LEN(A7)-1),LEN(A7)-2),All!A:A,All!B:B,"") -> 242.3 | C7: 0 | D7: water
A8: 'SKAS3' | B8: =_xlfn.XLOOKUP(RIGHT(LEFT(A8,LEN(A8)-1),LEN(A8)-2),All!A:A,All!B:B,"") -> 251.6 | C8: 0 | D8: water
A9: 'SKAS4' | B9: =_xlfn.XLOOKUP(RIGHT(LEFT(A9,LEN(A9)-1),LEN(A9)-2),All!A:A,All!B:B,"") -> 235.6 | C9: 0 | D9: water
A10: 'SKAS5' | B10: =_xlfn.XLOOKUP(RIGHT(LEFT(A10,LEN(A10)-1),LEN(A10)-2),All!A:A,All!B:B,"") -> 254.2 | C10: 0 | D10: water
A11: 'SKAS6' | B11: =_xlfn.XLOOKUP(RIGHT(LEFT(A11,LEN(A11)-1),LEN(A11)-2),All!A:A,All!B:B,"") -> 231.9 | C11: 0 | D11: water
A12: 'SKSL1' | B12: =_xlfn.XLOOKUP(RIGHT(LEFT(A12,LEN(A12)-1),LEN(A12)-2),All!A:A,All!B:B,"") -> 259.4 | C12: 0 | D12: water
A13: 'SKSL2' | B13: =_xlfn.XLOOKUP(RIGHT(LEFT(A13,LEN(A13)-1),LEN(A13)-2),All!A:A,All!B:B,"") -> 248.5 | C13: 0 | D13: water
A14: 'SBFB' | B14: =_xlfn.XLOOKUP(RIGHT(LEFT(A14,LEN(A14)-1),LEN(A14)-2),All!A:A,All!B:B,"") -> 250.4 | C14: 0 | D14: water
... A49: 'FTMCK1' | B49: =_xlfn.XLOOKUP(RIGHT(LEFT(A49,LEN(A49)-1),LEN(A49)-2),All!A:A,All!B:B,"") -> 232.2 | C49: 0 | D49: water
A50: 'FTM_BS1' | B50: 231.4 | C50: 0 | D50: water
A51: 'FDR3' | B51: =_xlfn.XLOOKUP(RIGHT(LEFT(A51,LEN(A51)-1),LEN(A51)-2),All!A:A,All!B:B,"") -> 229.4 | C51: 0 | D51: water
A52: 'FDR2' | B52: =_xlfn.XLOOKUP(RIGHT(LEFT(A52,LEN(A52)-1),LEN(A52)-2),All!A:A,All!B:B,"") -> 235.4 | C52: 0 | D52: water
A53: 'FD_BS1' | B53: 243.3 | C53: 0 | D53: water
